[
  {
    "id": 1,
    "image": "https://images.unsplash.com/photo-1517694712202-14dd9538aa97?auto=format&fit=crop&q=80&w=1000",
    "title": "Scheds - A Course Schedule Generator",
    "description": "My proudest project yet, a comprehensive course schedule generator application built with ASP.NET Core MVC.",
    "tags": ["ASP.NET Core", "C#", "Entity Framework", "SQL Server", "Bootstrap", "jQuery"],
    "repoLink": "https://github.com/microsoft/dotnet",
    "demoLink": "https://dotnet.microsoft.com/"
  },
  {
    "id": 2,
    "image": "https://images.unsplash.com/photo-1551288049-bebda4e38f71?auto=format&fit=crop&q=80&w=1000",
    "title": "FinTrack - Personal Finance Dashboard",
    "description": "A real-time finance tracker that visualizes spending habits using interactive charts and connects to banking APIs.",
    "tags": ["React", "TypeScript", "Chart.js", "Node.js", "Express", "MongoDB"],
    "repoLink": "https://github.com/facebook/react",
    "demoLink": "https://react.dev/"
  },
  {
    "id": 3,
    "image": "https://images.unsplash.com/photo-1555949963-ff9fe0c870eb?auto=format&fit=crop&q=80&w=1000",
    "title": "SecureAuth - Backend Identity Service",
    "description": "A robust backend authentication microservice featuring JWT implementation, role-based access control, and OAuth2 integration.",
    "tags": ["Python", "Django", "PostgreSQL", "Docker", "Redis", "JWT"],
    "repoLink": "https://github.com/django/django",
    "demoLink": null
  },
  {
    "id": 4,
    "image": "https://images.unsplash.com/photo-1611162617474-5b21e879e113?auto=format&fit=crop&q=80&w=1000",
    "title": "ChatStream - Real-time Messaging App",
    "description": "A lightweight chat application allowing users to create rooms and message instantly. Optimized for low latency communication.",
    "tags": ["Vue.js", "Firebase", "Tailwind CSS", "Socket.io"],
    "repoLink": "https://github.com/vuejs/core",
    "demoLink": "https://vuejs.org/"
  },
  {
    "id": 5,
    "image": "https://images.unsplash.com/photo-1526374965328-7f61d4dc18c5?auto=format&fit=crop&q=80&w=1000",
    "title": "TerminalX - CLI Productivity Tool",
    "description": "A command-line interface tool built to automate repetitive developer tasks and manage local environments efficiently.",
    "tags": ["Rust", "Clap", "Tokio", "System API"],
    "repoLink": "https://github.com/rust-lang/rust",
    "demoLink": null
  }
]